img,tags,title,desc,category,height
https://64.media.tumblr.com/7df3508436bb9f00689a1dfcf6659580/f0c42c2ea6115e7f-69/s2048x3072/a54dd182628ab7ae787dd184167a5b3b82c88efd.jpg,Golden Kamuy,Dusk,book cover,fan-art,0.7
https://64.media.tumblr.com/cd1303e066ab9f2fbee1208b9ac6ee18/f9e8a418e50bad19-86/s1280x1920/f9048a8e069bb133be759d69f02ec655306b9f90.jpg,Mozart l'opera rock,Salieri,;),fan-art,1.5
https://64.media.tumblr.com/7da1e355bffafb6b948e413fb8746108/7e23c6df60d1c7e7-ba/s1280x1920/f345002c635b238e66e373d17725dd5b2816faf4.jpg,Jujutsu Kaisen,Gojo,,fan-art,1.7
https://64.media.tumblr.com/f9211e96cc32aa546cf6948e10cd62b4/bcbe32a21663230c-a6/s1280x1920/2109fd369bbf9dbba19f8c50b8e8cb49b0c3b765.jpg,Jujutsu Kaisen,Standup comedy,down to hell,fan-art,1.5
https://64.media.tumblr.com/8256e039d5141d3029dd492fd2517ddf/4d4049a0d237f963-9f/s1280x1920/c5eb8659cf869f17b0abe2f248386906bf036456.jpg,Jujutsu Kaisen,Let's begin,No twins survived.,fan-art,1.2
https://64.media.tumblr.com/9c510ac6bf4cd7fa16779ff534d1f0b8/924319c419208a83-20/s1280x1920/c60b9d07c96dafc79ba532cb5634a1e87f88a6fe.jpg,Witch Hat Atelier,Illusion,,fan-art,1.5
https://64.media.tumblr.com/4e401613e81876d890876d3db7d4dcef/325fda1c70df4130-c8/s1280x1920/411d6582ff28957de0f81730b6c2f8c7f45574fb.jpg,Witch Hat Atelier,Poker,,fan-art,1.5
https://64.media.tumblr.com/47867bd2e70e6ebe18ea0efc4288f08d/e09ae353aae8848b-78/s1280x1920/2d287bbcd1414c6afb6f4b65b74869901fed8ef8.jpg,Girl from the other side,Teacher,,fan-art,1.5
https://64.media.tumblr.com/78f434d4d57b2aafbbf2ad59a149d8f6/f3b11346ae0cfd8a-ca/s1280x1920/78afa00340713f0c5ed2708d1b06395aebfe44aa.jpg,,Tarot,,illustration,0.6
https://64.media.tumblr.com/e0e868c8360b5c0ab23588b1e02c2844/01c4e15908be11cd-47/s1280x1920/c3df4c7d9b4896e0cf42e5dc8223865f2f55f514.jpg,BEASTAR,Reaper,,fan-art,1.5
https://64.media.tumblr.com/3a90d7eeeaca5a04ab2c948ad8839c37/73651d495706a0e9-79/s1280x1920/92e0cb50ae2b8567e111a5509f96392f8b2a3d8d.jpg,Golden Kamuy,Three cheers to sweet revenge,just a paro,fan-art,1
https://64.media.tumblr.com/58eb1ef0b892ff7fca03248f28720292/c8f165b0f0828705-88/s1280x1920/bf3e0f4a48c874d00f372dd1a60b48bb92267f83.jpg,,,Nothing.,illustration,1
https://64.media.tumblr.com/58271add98508118227d011d3a4801e3/cbb1c51450850830-34/s1280x1920/1fe15a3e3ee6ebe69dc0485d9b9000813c11d1a1.jpg,Bloodborne,The Hunter,,fan-art,1.2
https://64.media.tumblr.com/c479f09e670ea33e9c25c85f8e08b901/a7cfbceb334828e4-2e/s1280x1920/94342c0ae5203b16ad9913e04772426a77ab8b11.jpg,Golden Kamuy,邪魔するな。,,fan-art,1.5
https://64.media.tumblr.com/6ceda4c09676831161f472fe56f733d0/3aec71bb84c5b27c-5c/s1280x1920/bd885b984ca77f995c0bfc0dec98191e2198337e.jpg,,Forbidden fruit,,illustration,1.2
https://64.media.tumblr.com/aa45219adfcedf9b862351b1898e101d/6254f95cabdcf911-03/s2048x3072/023fc14a09e46ce468ca2301a876399ef6f51938.jpg,Revolutionary Utena,Utena,,fan-art,1.2
https://64.media.tumblr.com/f19b163d8346c6cd3378d3f482e5e404/tumblr_pu2ibcwf7A1vxv7jho1_1280.jpg,Dark Souls,The Abbys Watchers,,fan-art,1.5
https://64.media.tumblr.com/0bca828f225ce94c3cdecf796dec0622/tumblr_pt1yizLrJf1vxv7jho1_1280.jpg,Dark Souls,Gwyndolin,,fan-art,1
https://64.media.tumblr.com/ac10e28116325f1b025eaf437c7db27a/tumblr_ptimagt8gA1vxv7jho1_1280.jpg,Dark Souls,The God Eater,,fan-art,1.2
https://64.media.tumblr.com/498abeab1e3739128064826031427c70/tumblr_pswedt7eyi1vxv7jho1_r1_1280.jpg,Dark Souls,Twin Prince,,fan-art,1.2
https://64.media.tumblr.com/193a48d7e23fb95ba49e38059020526d/tumblr_psuh2d3Yxb1vxv7jho1_1280.jpg,Sekiro,Sekiro,,fan-art,2
https://64.media.tumblr.com/00395c5cf5ff632cf371ea222def37ce/tumblr_pqmc9uTmIZ1vxv7jho1_r2_1280.jpg,Bloodborne,Lawrance,the first vicar,fan-art,1.5
https://64.media.tumblr.com/44dd337eac3c66fa74c883a4e80e9d1a/tumblr_pqd6ekqgBX1vxv7jho1_r1_640.jpg,Bloodborne,The Choir,(heart),fan-art,1.2
https://64.media.tumblr.com/fbfd79fd8f2ed43f999dee56a2f0ece2/tumblr_pqd6ekqgBX1vxv7jho2_r1_1280.jpg,Bloodborne,Alfred,sorry Alfred,fan-art,1.2
https://64.media.tumblr.com/32bbf6605641fd33c88eebbda19fa750/tumblr_pq7vfgvJyA1vxv7jho1_r1_1280.jpg,Bloodborne,Henryk,,fan-art,1.2
https://64.media.tumblr.com/277b3f880596f1c3fa8f294ff9c1b843/tumblr_pq4805n3IU1vxv7jho1_1280.jpg,Bloodborne,Father Gascoigne,,fan-art,1.2
https://64.media.tumblr.com/b427c54fb6cf15b257216a604ef7628d/tumblr_pq22lpJ3GT1vxv7jho1_r1_1280.jpg,Bloodborne,Two crows.,,fan-art,2
https://64.media.tumblr.com/046313092674174f7fd23b245b5d3abf/tumblr_ppykvhNCJg1vxv7jho1_r1_1280.jpg,Bloodborne,The Hunter,Embrace insanity.,fan-art,1.2
https://64.media.tumblr.com/a0fc5c7bf9b133b13ac0fcad64149547/tumblr_pprcf2lbDF1vxv7jho1_1280.jpg,Mozart l'opera rock,,,fan-art,1.2
https://64.media.tumblr.com/c632345c3ab91b3a3bd929c28e63c783/tumblr_pprc3aBjSv1vxv7jho1_r1_640.jpg,Bloodborne,Maria,,fan-art,1
https://64.media.tumblr.com/56ab42babecebe4fae8fd56f84217e6d/tumblr_pnut57a0MZ1uowo55_640.jpg,Golden Kamuy,17,,fan-art,1.5
https://64.media.tumblr.com/02c1de839e125873f981b135c83f9e7b/tumblr_pmtjtstmNU1vxv7jho1_1280.jpg,Mozart l'opera rock,,stickers 1,fan-art,2
https://64.media.tumblr.com/ea0e8ca9892fd2f6e531111f2b840b9f/tumblr_pmtjtstmNU1vxv7jho3_1280.jpg,Mozart l'opera rock,,stickers 2,fan-art,2
https://64.media.tumblr.com/ab81fe854c9f1ddadd4142ec72e93169/tumblr_pjfb07EkhM1vxv7jho1_1280.jpg,Mozart l'opera rock,Star,,fan-art,1
https://64.media.tumblr.com/3beb13b481b63902b2133cda288d1408/tumblr_pjfb07EkhM1vxv7jho2_1280.jpg,Mozart l'opera rock,Shadow,,fan-art,1
https://64.media.tumblr.com/454dc070b9998c144b79fea23fa568e8/tumblr_pefkg72hYs1vxv7jho1_1280.jpg,Others,,,fan-art,1.5
https://64.media.tumblr.com/e839a7b42e503dfe04bee817f39793dc/tumblr_pcorwrBSyD1vxv7jho1_1280.jpg,Golden Kamuy,Sodiers,,fan-art,0.6
https://64.media.tumblr.com/f263b2a2e9bbbccd8d10947b4d61cf5d/tumblr_pcdu83SXVj1vxv7jho1_1280.jpg,Print,Tort bag,Based on real designs of mouse poison packages in Japan in 1920s. Eventually becomes tote bags,design,1.5
https://64.media.tumblr.com/aed22b8441915d02ad7e084ddb1954d4/tumblr_pcdu83SXVj1vxv7jho2_r1_1280.jpg,Print,Tort bag,Based on real designs of mouse poison packages in Japan in 1920s. Eventually becomes tote bags,design,1.5
https://64.media.tumblr.com/764f1299ccd8c9bebbd060c12403c2da/tumblr_p96vz04b2A1vxv7jho2_r1_1280.jpg,Golden Kamuy,Tsurumi,,fan-art,1.5
https://64.media.tumblr.com/a348e20d357b3a1bfb077029ceac8d3e/tumblr_p5mrmnsaNB1vxv7jho1_1280.jpg,PMMM,,You are always a joke.,fan-art,1
https://64.media.tumblr.com/cc1eee331e04104a8e2b5ed4d2eca8c8/378b28e9a5f3d549-9b/s1280x1920/0453b0804f73cabd9d85b082c39f209de6b563b4.jpg,DVD,Labyrinth,,fan-art,1.5
https://64.media.tumblr.com/34db056344c5cc6769a23bf2d0a550c5/9e504e2bc7a8a7a2-a7/s1280x1920/9196a7c6a7a7c1fa00f1ebf33b7c28bd31ed8eeb.jpg,Jujutsu Kaisen,Geto,,fan-art,1.2
https://64.media.tumblr.com/9f7993438709780801570b51857cfd9a/756e6cea5d6e8f66-08/s640x960/b815ed4d2908a05ca9e53ca85cc2090e81d5ff8b.jpg,,,self portrait,illustration,1.2
https://64.media.tumblr.com/4b197e44a17244b07fc5e1c62767399f/b8e5dff25f04a703-ff/s1280x1920/5331575a3d542ad7157259f46bc03ceae43d6630.jpg,inktober,,inktober 2018,illustration,1.6
https://64.media.tumblr.com/a16e9c948c59375591bede3420ff5550/b8e5dff25f04a703-bb/s1280x1920/75fcc9f448e730c7900186e7f97119639a81cf72.jpg,inktober,,inktober 2018,illustration,1.2
https://64.media.tumblr.com/c25acbc517d9b8df880d8ac468d8d2ee/b8e5dff25f04a703-40/s540x810/76adbb97bc5c8f8c5b07b9d63b0d7d82a8c1b341.jpg,inktober,,inktober 2018,illustration,1.5
https://64.media.tumblr.com/85e78fd9a9468c27a065660ac5b11686/b8e5dff25f04a703-29/s1280x1920/fed657792e3fd96df4cf81ea8006397f643a8264.jpg,inktober,,inktober 2018,illustration,1.2
https://64.media.tumblr.com/07d6796c04b6306ea8acf65f98c2486c/b8e5dff25f04a703-fb/s1280x1920/585dc4c9146a1b16b19995482b84ef92b82b20f9.jpg,inktober,,inktober 2018,illustration,1
https://64.media.tumblr.com/e48ac4d32b31e56e28c691ccf1687e07/b8e5dff25f04a703-0f/s1280x1920/2938862d8d017da7ffe77498bf4bac7e3bc82b8e.jpg,inktober,,inktober 2018,illustration,1.1
https://64.media.tumblr.com/e0e0646a8adb8dbbc9e9f60cf46f6bcc/756e6cea5d6e8f66-6d/s1280x1920/3301fa58d05066a91ed22e80bc8ce6fc8a630d5f.jpg,,,inktober 2019,illustration,0.6
https://64.media.tumblr.com/5858cc6e84297416d73c9f67ec541f28/756e6cea5d6e8f66-4d/s1280x1920/ff03e5aee8607bc0f14d831588363a8307428947.jpg,,,inktober 2020,illustration,1.2
https://64.media.tumblr.com/ebd4b8c689e9d522d5a1ee22d70504f0/756e6cea5d6e8f66-69/s640x960/ae4e345fc538b9ac0f78cbbc5593e6bb9df3314d.jpg,,,inktober 2021,illustration,1.2
https://64.media.tumblr.com/77c6ea51b2f2ce9a912566c3a399cb3b/03744da6d2deb38f-4a/s2048x3072/f038db358df9a271b9efc0a06c45fe0ef8ea880c.jpg,Poster,SOCA 2012,conference poster,design,1.5
https://64.media.tumblr.com/fc4e2b4ec94e909d59dedb2490bed334/03744da6d2deb38f-80/s2048x3072/81f2b15157dbffa70b775384defcd239767cfb44.jpg,Book,NCTU 12',graduation memorial album,design,1.5
https://64.media.tumblr.com/f7b064a6bef666d90d70a9556a9e5e43/03744da6d2deb38f-ad/s1280x1920/7387f6dfe10993519fcd9080fa3c6270ebbbf2ae.jpg,Poster,Total-recall,for online activity promotion,design,0.5
https://64.media.tumblr.com/5cc8387aa8c6c7da1e566ca38bbe4bd4/03744da6d2deb38f-4f/s2048x3072/6484b7723d5c1e1a17fcb9dbec7486b7836fac8e.jpg,Banner,SOCA 2012,conference banner,design,0.5
https://64.media.tumblr.com/29e9b17f3789bae847b444622b4f5290/03744da6d2deb38f-0d/s2048x3072/f35878be8cc5c8534a64cd9a1a8735629ad35a72.jpg,Banner,RTSCA/CPSNA 2013,conference banner,design,0.5
https://64.media.tumblr.com/c4c794e5268c087701cb1fc59919e200/03744da6d2deb38f-75/s640x960/f1083f2e185c5ed0dcb622700f82ec332b41d2aa.jpg,Others,Stopbugs,graduation gifts for lab seniors,design,1.5
https://64.media.tumblr.com/c7b0bbc1688dabe84de460b64fd4e392/03744da6d2deb38f-b2/s2048x3072/08674e9cdbe22410cd469cc24d668392eceaafba.jpg,T-shirt,Guitar Club,in my university,design,1
https://64.media.tumblr.com/f5fa61ba1cc4afe69d8da71bb8b84663/03744da6d2deb38f-97/s640x960/1f391d3212b5e30df94fe35f0ef1cda2fabdfc13.jpg,T-shirt,alumini association,in my university,design,1